iteration,total_queries,loss,iter_time_s,total_time_s
1,202,0.001890,10.71,11.34
2,403,0.000521,10.84,22.28
3,604,0.001300,10.76,33.14
4,805,0.002212,10.82,43.96
