iteration,total_queries,loss,iter_time_s,total_time_s
1,202,0.002307,7.05,7.54
2,403,0.001643,7.02,14.66
3,604,0.000083,7.02,21.76
