iteration,total_queries,loss,iter_time_s,total_time_s
1,202,0.000155,7.02,7.49
2,403,0.000138,7.02,14.60
3,604,0.000055,7.02,21.71
