iteration,total_queries,loss,iter_time_s,total_time_s
1,202,0.000430,7.07,7.54
2,403,0.000346,7.02,14.64
3,604,0.000184,7.02,21.75
4,805,0.000086,7.02,28.87
