iteration,total_queries,loss,iter_time_s,total_time_s
1,202,0.000948,6.94,7.42
2,403,0.000289,6.88,14.39
3,604,0.000537,6.91,21.39
4,805,0.000053,6.87,28.26
